{
  "demList": [
    {
      "title": "TEST_ITA ALFA ROMEO RANGE MY21 JUL 2021 DEManniversary - 20210827_154329",
      "description": "TEST_ITA ALFA ROMEO RANGE MY21 JUL 2021 DEManniversary - 20210827_154329",
      "imageurl": "https://image.official.fcagroup.com/lib/fe3f11717564047c741272/m/18/de28b6dc-7b94-4822-a8e6-fcb7e6010142.jpg",
      "giturl": "#",
      "brand": "Fiat Professional",
      "salesforcefolder": "content builder/test/Ankita",
      "id": 1
    },
    {
      "title": "TEST_ITA ALFA ROMEO RANGE MY21 JUL 2021 DEManniversary - 20210827_154329",
      "description": "TEST_ITA ALFA ROMEO RANGE MY21 JUL 2021 DEManniversary - 20210827_154329",
      "imageurl": "https://image.official.fcagroup.com/lib/fe3f11717564047c741272/m/18/de28b6dc-7b94-4822-a8e6-fcb7e6010142.jpg",
      "giturl": "#",
      "brand": "Jeep",
      "salesforcefolder": "content builder/test/Ankita",
      "id": 2
    },
    {
      "title": "TEST_ITA ALFA ROMEO RANGE MY21 JUL 2021 DEManniversary - 20210827_154329",
      "description": "TEST_ITA ALFA ROMEO RANGE MY21 JUL 2021 DEManniversary - 20210827_154329",
      "imageurl": "https://image.official.fcagroup.com/lib/fe3f11717564047c741272/m/18/de28b6dc-7b94-4822-a8e6-fcb7e6010142.jpg",
      "giturl": "#",
      "brand": "Fiat Professional",
      "salesforcefolder": "content builder/test/Ankita",
      "id": 3
    },
    {
      "title": "TEST_ITA ALFA ROMEO RANGE MY21 JUL 2021 DEMprospect - 20210827_183345",
      "description": "",
      "imageurl": "https://image.official.fcagroup.com/lib/fe3f11717564047c741272/m/18/c7c99b6e-4dcc-44da-b598-1e4e652fa8f9.jpg",
      "giturl": "#",
      "brand": "Abarth",
      "salesforcefolder": "content builder/test/Ankita",
      "id": 4
    },
    {
      "title": "TEST_ANKITA_HUN JEEP WRANGLER AUG 21 DEM - 20210818_182934",
      "description": "TEST_ANKITA_HUN JEEP WRANGLER AUG 21 DEM - 20210818_182934",
      "imageurl": "https://image.official.fcagroup.com/lib/fe3f11717564047c741272/m/18/952a9d31-7faf-454a-ae10-60329302290c.jpg",
      "giturl": "https://tools.publicis.sapient.com/bitbucket/projects/STEL/repos/emealp/browse/BENELUX/Premium/FCAS_8270_JEEP_RENEGADE/GENERIC%20VERSION?at=refs%2Fheads%2Ffeature%2FFCAS-8270-jeep-belux-renegade-4xe-lp-mk-creation",
      "brand": "Jeep",
      "salesforcefolder": "content builder/test/amir",
      "id": 6
    },
    {
      "title": "test_abhishekh_POL FIAT PRO DOBLO MY 22 & FIORINO AUG 21 DEM - 20210818_105158",
      "description": "",
      "imageurl": "https://image.official.fcagroup.com/lib/fe3f11717564047c741272/m/17/12e031f1-c6ec-4b25-a939-d6cb1c3b2940.jpg",
      "giturl": "https://tools.publicis.sapient.com/bitbucket/projects/STEL/repos/emealp/browse/BENELUX/Premium/FCAS_8270_JEEP_RENEGADE/GENERIC%20VERSION?at=refs%2Fheads%2Ffeature%2FFCAS-8270-jeep-belux-renegade-4xe-lp-mk-creation",
      "brand": "Fiat Professional",
      "salesforcefolder": "content builder/test/amir",
      "id": 7
    },
    {
      "title": "Test_Amir_POL FIAT PRO DOBLO MY 22 & FIORINO AUG 21 DEM - 20210816_142938",
      "description": "Test_Amir_POL FIAT PRO DOBLO MY 22 & FIORINO AUG 21 DEM - 20210816_142938",
      "imageurl": "https://image.official.fcagroup.com/lib/fe3f11717564047c741272/m/19/b54f32b8-2441-4c1a-a44e-6ff165b68eb6.jpg",
      "giturl": "https://tools.publicis.sapient.com/bitbucket/projects/STEL/repos/emealp/browse/BENELUX/Premium/FCAS_8270_JEEP_RENEGADE/GENERIC%20VERSION?at=refs%2Fheads%2Ffeature%2FFCAS-8270-jeep-belux-renegade-4xe-lp-mk-creation",
      "brand": "Fiat Professional",
      "salesforcefolder": "content builder/test/Ankita",
      "id": 8
    },
    {
      "title": "Test",
      "description": "Test",
      "imageurl": "https://image.official.fcagroup.com/lib/fe3f11717564047c741272/m/19/8d82fb52-6223-4d15-960f-39154edf9390.png",
      "giturl": "https://tools.publicis.sapient.com/bitbucket/projects/STEL/repos/emealp/browse/BENELUX/Premium/FCAS_8270_JEEP_RENEGADE/GENERIC%20VERSION?at=refs%2Fheads%2Ffeature%2FFCAS-8270-jeep-belux-renegade-4xe-lp-mk-creation",
      "brand": "Abarth",
      "salesforcefolder": "content builder/test/Ankita",
      "id": 9
    },
    {
      "title": "Test",
      "description": "jhgjg",
      "imageurl": "https://image.official.fcagroup.com/lib/fe3f11717564047c741272/m/17/12e031f1-c6ec-4b25-a939-d6cb1c3b2940.jpg",
      "giturl": "fcgfc",
      "brand": "Alfa Romeo",
      "salesforcefolder": "content builder/test/Ankita",
      "demTab": "allDEM",
      "contentTab": "contentBlock",
      "id": 10
    },
    {
      "title": "Dem Alfa Romeo",
      "description": "Dem Test",
      "imageurl": "https://image.official.fcagroup.com/lib/fe3f11717564047c741272/m/18/952a9d31-7faf-454a-ae10-60329302290c.jpg",
      "giturl": "https://tools.publicis.sapient.com/bitbucket/projects/STEL/repos/emeadem/browse/PL/Fiat%20Professional?at=refs%2Fheads%2Ffeature%2FFCAS-11589-new-html-nl-fiat-pro-pol",
      "brand": "Alfa Romeo",
      "salesforcefolder": "content builder/test/Ankita",
      "tabValue": "allDem",
      "id": 11
    }
  ],
  "contentBlock": [
    {
      "title": "Test",
      "description": "Test",
      "imageurl": "https://image.official.fcagroup.com/lib/fe3f11717564047c741272/m/19/8d82fb52-6223-4d15-960f-39154edf9390.png",
      "giturl": "https://tools.publicis.sapient.com/bitbucket/projects/STEL/repos/emealp/browse/BENELUX/Premium/FCAS_8270_JEEP_RENEGADE/GENERIC%20VERSION?at=refs%2Fheads%2Ffeature%2FFCAS-8270-jeep-belux-renegade-4xe-lp-mk-creation",
      "brand": "Abarth",
      "salesforcefolder": "content builder/test/Ankita",
      "id": 1
    },
    {
      "title": "Test",
      "description": "Test",
      "imageurl": "https://image.official.fcagroup.com/lib/fe3f11717564047c741272/m/19/b54f32b8-2441-4c1a-a44e-6ff165b68eb6.jpg",
      "giturl": "https://tools.publicis.sapient.com/bitbucket/projects/STEL/repos/emeadem/browse/PL/Fiat%20Professional?at=refs%2Fheads%2Ffeature%2FFCAS-11589-new-html-nl-fiat-pro-pol",
      "brand": "",
      "salesforcefolder": "",
      "tabValue": "contentBlock",
      "id": 2
    }
  ]
}